Superheading Number,Superheading title,Heading title,UI
1,ذكر نسب رسول الله والأنبياء من آدم إلى رسول الله,### | [الجزء الأول] - السيرة النبوية الشريفة ,1.0.0.0.0
1,,### || ذكر من انتمى إليه رسول الله- صلى الله عليه وسلم - ,1.1.0.0.0
1,,### || ذكر من ولد رسول الله - صلى الله عليه وسلم - من الأنبياء ,1.2.0.0.0
1,,### || ذكر حواء ,1.3.0.0.0
1,,### || ذكر إدريس النبي ص. ,1.4.0.0.0
1,,### || ذكر نوح النبي ص. ,1.5.0.0.0
1,,### || ذكر إبراهيم خليل الرحمن-  ,1.6.0.0.0
1,,### || ذكر إسماعيل. ع ,1.7.0.0.0
1,,### || ذكر القرون والسنين التي بين آدم ومحمد. عليهما الصلاة والسلام قال: ,1.8.0.0.0
1,,### || ذكر تسمية الأنبياء وأنسابهم - صلى الله عليه وسلم - ,1.9.0.0.0
2,ذكر نسب رسول الله ومولده وففاة عبد الله وآمنة وسيرة النبي قبل المبعث,### || ذكر نسب رسول الله - صلى الله عليه وسلم - وتسمية من ولده إلى آدم- صلى ,1.10.0.0.0
2,,### || ذكر أمهات رسول الله. عليه الصلاة والسلام ,1.11.0.0.0
2,,### || ذكر الفواطم والعواتك اللاتي ولدن رسول الله- صلى الله عليه وسلم - ,1.12.0.0.0
2,,### || ذكر أمهات آباء رسول الله- صلى الله عليه وسلم - قال: أخبرنا هشام بن ,1.13.0.0.0
2,,### || ذكر قصي بن كلاب ,1.14.0.0.0
2,,### || ذكر عبد مناف بن قصي ,1.15.0.0.0
2,,### || ذكر هاشم بن عبد مناف ,1.16.0.0.0
2,,### || ذكر عبد المطلب بن هاشم ,1.17.0.0.0
2,,### || ذكر نذر عبد المطلب أن ينحر ابنه ,1.18.0.0.0
2,,### || ذكر تزوج عبد الله بن عبد المطلب آمنة بنت وهب أم رسول الله- صلى الله عليه وسلم - ,1.19.0.0.0
2,,### || ذكر المرأة التي عرضت نفسها على عبد الله بن عبد المطلب ,1.20.0.0.0
2,,### || ذكر حمل آمنة برسول الله- صلى الله عليه وسلم - كثيرا ,1.21.0.0.0
2,,### || ذكر وفاة عبد الله بن عبد المطلب ,1.22.0.0.0
2,,### || ذكر مولد رسول الله- صلى الله عليه وسلم - ,1.23.0.0.0
2,,### || ذكر أسماء الرسول - صلى الله عليه وسلم - وكنيته ,1.24.0.0.0
2,,### || ذكر كنية رسول الله- صلى الله عليه وسلم - ,1.25.0.0.0
2,,### || ذكر من أرضع رسول الله- صلى الله عليه وسلم - وتسمية إخوته وأخواته من ,1.26.0.0.0
2,,### || ذكر وفاة آمنة أم رسول الله- صلى الله عليه وسلم - ,1.27.0.0.0
2,,### || ذكر ضم عبد المطلب رسول الله - صلى الله عليه وسلم - إليه بعد وفاة أمه ,1.28.0.0.0
2,,### || ذكر أبي طالب وضمه رسول الله- صلى الله عليه وسلم - إليه وخروجه معه  إلى الشام في المرة الأولى ,1.29.0.0.0
2,,### || ذكر رعية رسول الله - صلى الله عليه وسلم - الغنم بمكة ,1.30.0.0.0
2,,### || ذكر حضور رسول الله - صلى الله عليه وسلم - حرب الفجار ,1.31.0.0.0
2,,### || ذكر حضور رسول الله - صلى الله عليه وسلم - حلف الفضول ,1.32.0.0.0
2,,### || ذكر خروج رسول الله - صلى الله عليه وسلم - إلى الشأم في المرة الثانية ,1.33.0.0.0
2,,### || ذكر تزويج رسول الله - صلى الله عليه وسلم - خديجة بنت خويلد ,1.34.0.0.0
2,,### || ذكر أولاد رسول الله - صلى الله عليه وسلم - وتسميتهم ,1.35.0.0.0
2,,### || ذكر إبراهيم بن رسول الله. صلى الله عليه وسلم تسليما ,1.36.0.0.0
2,,### || ذكر حضور رسول الله- صلى الله عليه وسلم - هدم قريش الكعبة وبناءها ,1.37.0.0.0
2,,### || ذكر نبوة رسول الله- صلى الله عليه وسلم - ,1.38.0.0.0
2,,### || ذكر علامات النبوة في رسول الله- صلى الله عليه وسلم - قبل أن يوحى إليه ,1.39.0.0.0
2,,### || ذكر من تسمى في الجاهلية بمحمد رجاء أن تدركه النبوة للذي كان من خبرها ,1.40.0.0.0
3,ذكر بداية مبعث رسول الله والهجرة الأولى الى الحبشة والمعراج وغيرها من الأحداث قبل الهجرة الى المدينة ,### || ذكر علامات النبوة بعد نزول الوحي على رسول الله- صلى الله عليه وسلم - ,1.41.0.0.0
3,,### || ذكر مبعث رسول الله - صلى الله عليه وسلم - وما بعث به ,1.42.0.0.0
3,,### || ذكر اليوم الذي بعث فيه رسول الله ص. ,1.43.0.0.0
3,,### || ذكر نزول الوحي على رسول الله- صلى الله عليه وسلم - ,1.44.0.0.0
3,,### || ذكر أول ما نزل عليه من القرآن وما قيل له- صلى الله عليه وسلم - ,1.45.0.0.0
3,,### || ذكر شدة نزول الوحي على النبي- صلى الله عليه وسلم - ,1.46.0.0.0
3,,### || ذكر دعاء رسول الله - صلى الله عليه وسلم - الناس إلى الإسلام ,1.47.0.0.0
3,,### || ذكر ممشى قريش إلى أبي طالب في أمره- صلى الله عليه وسلم - ,1.48.0.0.0
3,,### || ذكر هجرة من هاجر من أصحاب رسول الله- صلى الله عليه وسلم - إلى أرض الحبشة في المرة الأولى ,1.49.0.0.0
3,,### || ذكر سبب رجوع أصحاب النبي- صلى الله عليه وسلم - من أرض الحبشة ,1.50.0.0.0
3,,### || ذكر الهجرة الثانية إلى أرض الحبشة ,1.51.0.0.0
3,,### || ذكر حصر قريش رسول الله- صلى الله عليه وسلم - وبني هاشم في الشعب ,1.52.0.0.0
3,,### || ذكر سبب خروج رسول الله- صلى الله عليه وسلم - إلى الطائف ,1.53.0.0.0
3,,### || ذكر المعراج وفرض الصلوات ,1.54.0.0.0
3,,### || ذكر ليلة أسري برسول الله - صلى الله عليه وسلم - إلى بيت المقدس ,1.55.0.0.0
3,,### || ذكر دعاء رسول الله - صلى الله عليه وسلم - قبائل العرب في المواسم ,1.56.0.0.0
3,,### || ذكر دعاء رسول الله - صلى الله عليه وسلم - الأوس والخزرج ,1.57.0.0.0
3,,### || ذكر العقبة الأولى الاثني عشر ,1.58.0.0.0
3,,### || ذكر العقبة الآخرة وهم السبعون الذين بايعوا رسول الله ص. ,1.59.0.0.0
4,ذكر الهجرة الى المدينة ومؤاخاة بين المهاجرين والأنصار وبناء المسجد وصرف القبلة والوفادات العرب على رسول الله,### || ذكر مقام رسول الله- صلى الله عليه وسلم - بمكة من حين تنبأ إلى الهجرة ,1.60.0.0.0
4,,### || ذكر إذن رسول الله - صلى الله عليه وسلم - للمسلمين في الهجرة إلى المدينة ,1.61.0.0.0
4,,### || ذكر خروج رسول الله - صلى الله عليه وسلم - وأبي بكر إلى المدينة للهجرة ,1.62.0.0.0
4,,### || ذكر مؤاخاة رسول الله - صلى الله عليه وسلم - بين المهاجرين والأنصار ,1.63.0.0.0
4,,### || ذكر بناء رسول الله - صلى الله عليه وسلم - المسجد بالمدينة ,1.64.0.0.0
4,,### || ذكر صرف القبلة عن بيت المقدس إلى الكعبة ,1.65.0.0.0
4,,### || ذكر المسجد الذي أسس على التقوى ,1.66.0.0.0
4,,### || ذكر الأذان ,1.67.0.0.0
4,,### || ذكر فرض شهر رمضان وزكاة الفطر وصلاة العيدين وسنة الأضحية ,1.68.0.0.0
4,,### || ذكر منبر رسول الله- صلى الله عليه وسلم - ,1.69.0.0.0
4,,### || ذكر الصفة ومن كان فيها من أصحاب النبي- صلى الله عليه وسلم - ,1.70.0.0.0
4,,### || ذكر الموضع الذي كان يصلي فيه رسول الله  - صلى الله عليه وسلم - على الجنائز ,1.71.0.0.0
4,,### || ذكر بعثة رسول الله - صلى الله عليه وسلم - الرسل بكتبه إلى الملوك يدعوهم إلى الإسلام وما كتب به رسول الله - صلى الله عليه وسلم - لناس من العرب وغيرهم ,1.72.0.0.0
4,,### || ذكر وفادات العرب على رسول الله- صلى الله عليه وسلم - ,1.73.0.0.0
4,,### ||| وفد مزينة ,1.73.1.0.0
4,,### ||| وفد أسد ,1.73.2.0.0
4,,### ||| وفد تميم ,1.73.3.0.0
4,,### ||| وفد عبس ,1.73.4.0.0
4,,### ||| وفد فزارة ,1.73.5.0.0
4,,### ||| وفد مرة ,1.73.6.0.0
4,,### ||| وفد ثعلبة ,1.73.7.0.0
4,,### ||| وفد محارب ,1.73.8.0.0
4,,### ||| وفد سعد بن بكر ,1.73.9.0.0
4,,### ||| وفد كلاب ,1.73.10.0.0
4,,### ||| وفد رؤاس بن كلاب ,1.73.11.0.0
4,,### ||| وفد عقيل بن كعب ,1.73.12.0.0
4,,### ||| وفد جعدة ,1.73.13.0.0
4,,### ||| وفد قشير بن كعب ,1.73.14.0.0
4,,### ||| وفد بني البكاء ,1.73.15.0.0
4,,### ||| وفد كنانة ,1.73.16.0.0
4,,### ||| وفد بني عبد بن عدي ,1.73.17.0.0
4,,### ||| وفد أشجع ,1.73.18.0.0
4,,### ||| وفد باهلة ,1.73.19.0.0
4,,### ||| وفد سليم ,1.73.20.0.0
4,,### ||| وفد هلال بن عامر ,1.73.21.0.0
4,,### ||| وفد عامر بن صعصعة ,1.73.22.0.0
4,,### ||| وفد ثقيف ,1.73.23.0.0
4,,### ||| وفود ربيعة- عبد القيس ,1.73.24.0.0
4,,### ||| وفد بكر بن وائل ,1.73.25.0.0
4,,### ||| وفد تغلب ,1.73.26.0.0
4,,### ||| وفد حنيفة ,1.73.27.0.0
4,,### ||| وفد شيبان ,1.73.28.0.0
4,,### ||| وفادات أهل اليمن وفد طيئ ,1.73.29.0.0
4,,### ||| وفد تجيب ,1.73.30.0.0
4,,### ||| وفد خولان ,1.73.31.0.0
4,,### ||| وفد جعفي ,1.73.32.0.0
4,,### ||| وفد صداء ,1.73.33.0.0
4,,### ||| وفد مراد ,1.73.34.0.0
4,,### ||| وفد زبيد ,1.73.35.0.0
4,,### ||| وفد كندة ,1.73.36.0.0
4,,### ||| وفد الصدف ,1.73.37.0.0
4,,### ||| وفد خشين ,1.73.38.0.0
4,,### ||| وفد سعد هذيم ,1.73.39.0.0
4,,### ||| وفد بلي ,1.73.40.0.0
4,,### ||| وفد بهراء ,1.73.41.0.0
4,,### ||| وفد عذرة ,1.73.42.0.0
4,,### ||| وفد سلامان ,1.73.43.0.0
4,,### ||| وفد جهينة ,1.73.44.0.0
4,,### ||| وفد كلب ,1.73.45.0.0
4,,### ||| وفد جرم ,1.73.46.0.0
4,,### ||| وفد الأزد ,1.73.47.0.0
4,,### ||| وفد غسان ,1.73.48.0.0
4,,### ||| وفد الحارث بن كعب ,1.73.49.0.0
4,,### ||| وفد همدان ,1.73.50.0.0
4,,### ||| وفد سعد العشيرة ,1.73.51.0.0
4,,### ||| وفد عنس ,1.73.52.0.0
4,,### ||| وفد الداريين ,1.73.53.0.0
4,,### ||| وفد الرهاويين. حي من مذحج ,1.73.54.0.0
4,,### ||| وفد غامد ,1.73.55.0.0
4,,### ||| وفد النخع ,1.73.56.0.0
4,,### ||| وفد بجيلة ,1.73.57.0.0
4,,### ||| وفد خثعم ,1.73.58.0.0
4,,### ||| وفد الأشعرين ,1.73.59.0.0
4,,### ||| وفد حضرموت ,1.73.60.0.0
4,,### ||| وفد أزد عمان ,1.73.61.0.0
4,,### ||| وفد غافق ,1.73.62.0.0
4,,### ||| وفد بارق ,1.73.63.0.0
4,,### ||| وفد دوس ,1.73.64.0.0
4,,### ||| وفد ثمالة والحدان ,1.73.65.0.0
4,,### ||| وفد أسلم ,1.73.66.0.0
4,,### ||| وفد جذام ,1.73.67.0.0
4,,### ||| وفد مهرة ,1.73.68.0.0
4,,### ||| وفد حمير ,1.73.69.0.0
4,,### ||| وفد نجران ,1.73.70.0.0
4,,### ||| وفد جيشان ,1.73.71.0.0
4,,### ||| وفد السباع ,1.73.72.0.0
5,ذكر صفات رسول الله واملاكه,### || ذكر صفة رسول الله- صلى الله عليه وسلم - في التوراة والإنجيل ,1.74.0.0.0
5,,### || ذكر صفة أخلاق رسول الله- صلى الله عليه وسلم - ,1.75.0.0.0
5,,### ||| ذكر ما أعطى رسول الله - صلى الله عليه وسلم - من القوة على الجماع ,1.75.1.0.0
5,,### ||| ذكر إعطائه القود من نفسه- صلى الله عليه وسلم - ,1.75.2.0.0
5,,### ||| باب صفة كلامه- صلى الله عليه وسلم - ,1.75.3.0.0
5,,### ||| باب صفة قراءته - صلى الله عليه وسلم - في صلاته وغيرها وحسن صوته- صلى الله عليه وسلم - ,1.75.4.0.0
5,,### ||| ذكر صفته - صلى الله عليه وسلم - في خطبته ,1.75.5.0.0
5,,### ||| ذكر حسن خلقه وعشرته- صلى الله عليه وسلم - ,1.75.6.0.0
5,,### ||| ذكر صفته في مشيه- صلى الله عليه وسلم - ,1.75.7.0.0
5,,### ||| ذكر صفته في مأكله- صلى الله عليه وسلم - أخبرنا يزيد بن هارون وإسحاق بن عيسى قالا: أخبرنا ,1.75.8.0.0
5,,### ||| ذكر محاسن أخلاقه- صلى الله عليه وسلم - ,1.75.9.0.0
5,,### ||| ذكر صلاة رسول الله- صلى الله عليه وسلم - ,1.75.10.0.0
5,,### ||| ذكر قبول رسول الله - صلى الله عليه وسلم - الهدية وتركه الصدقة ,1.75.11.0.0
5,,### ||| ذكر طعام رسول الله - صلى الله عليه وسلم - وما كان يعجبه منه ,1.75.12.0.0
5,,### ||| ذكر ما كان يعاف رسول الله - صلى الله عليه وسلم - من الطعام والشراب ,1.75.13.0.0
5,,### ||| ذكر ما حبب إلى رسول الله  - صلى الله عليه وسلم - من النساء والطيب ,1.75.14.0.0
5,,### || ذكر شدة العيش على رسول الله- صلى الله عليه وسلم - ,1.76.0.0.0
5,,### || ذكر صفة خلق رسول الله- صلى الله عليه وسلم - ,1.77.0.0.0
5,,### ||| ذكر خاتم النبوة الذي كان بين كتفي رسول الله- صلى الله عليه  وسلم - ,1.77.1.0.0
5,,### ||| ذكر شعر رسول الله- صلى الله عليه وسلم - ,1.77.2.0.0
5,,### ||| ذكر شيب رسول الله- صلى الله عليه وسلم - ,1.77.3.0.0
5,,### ||| ذكر من قال خضب رسول الله- صلى الله عليه وسلم - ,1.77.4.0.0
5,,### || ذكر ما قال رسول الله - صلى الله عليه وسلم - وأصحابه في تغيير الشيب وكراهة الخضاب بالسواد ,1.78.0.0.0
5,,### || ذكر من قال اطلى رسول الله - صلى الله عليه وسلم - بالنورة ,1.79.0.0.0
5,,### || ذكر حجامة رسول الله- صلى الله عليه وسلم - ,1.80.0.0.0
5,,### || ذكر أخذ رسول الله - صلى الله عليه وسلم - من شاربه ,1.81.0.0.0
5,,### || ذكر لباس رسول الله - صلى الله عليه وسلم - وما روي في البياض ,1.82.0.0.0
5,,### || السندس والحرير الذي لبسه رسول الله - صلى الله عليه وسلم - ثم تركه ,1.83.0.0.0
5,,### || ذكر أصناف لباسه - صلى الله عليه وسلم - أيضا وطولها وعرضها ,1.84.0.0.0
5,,### || صفة أزرته- صلى الله عليه وسلم - ,1.85.0.0.0
5,,### || ذكر قناعته - صلى الله عليه وسلم - بثوبه ولباسه القميص وما كان يقول إذا لبس ثوبا عليه ,1.86.0.0.0
5,,### || ذكر صلاة رسول الله - صلى الله عليه وسلم - في ثوب واحد ولبسه إياه ,1.87.0.0.0
5,,### || ذكر ضجاع رسول الله - صلى الله عليه وسلم - وافتراشه ,1.88.0.0.0
5,,### || ذكر الخمرة التي كان يصلي عليها رسول الله - صلى الله عليه وسلم - ,1.89.0.0.0
5,,### || ذكر خاتم رسول الله - صلى الله عليه وسلم - الذهب ,1.90.0.0.0
5,,### || ذكر خاتم رسول الله - صلى الله عليه وسلم - الفضة ,1.91.0.0.0
5,,### || ذكر خاتم رسول الله - صلى الله عليه وسلم - الملوي عليه فضة ,1.92.0.0.0
5,,### || ذكر نقش خاتم رسول الله. ص ,1.93.0.0.0
5,,### || ذكر ما صار إليه أمر خاتمه- صلى الله عليه وسلم - ,1.94.0.0.0
5,,### || ذكر نعل رسول الله - صلى الله عليه وسلم - ,1.95.0.0.0
5,,### || ذكر خف رسول الله- صلى الله عليه وسلم - ,1.96.0.0.0
5,,### || ذكر سواك رسول الله- صلى الله عليه وسلم - ,1.97.0.0.0
5,,### || ذكر مشط رسول الله - صلى الله عليه وسلم - ومكحلته ومرآته وقدحه ,1.98.0.0.0
5,,### || ذكر سيوف رسول الله- صلى الله عليه وسلم - ,1.99.0.0.0
5,,### || ذكر درع رسول الله- صلى الله عليه وسلم - ,1.100.0.0.0
5,,### || ذكر ترس رسول الله- صلى الله عليه وسلم - ,1.101.0.0.0
5,,### || ذكر أرماح رسول الله - صلى الله عليه وسلم - وقسيه ,1.102.0.0.0
5,,### || ذكر خيل رسول الله - صلى الله عليه وسلم - ودوابه ,1.103.0.0.0
5,,### || ذكر إبل رسول الله- صلى الله عليه وسلم - ,1.104.0.0.0
5,,### || ذكر لقاح رسول الله - صلى الله عليه وسلم - ,1.105.0.0.0
5,,### || ذكر منايح رسول الله - صلى الله عليه وسلم - من الغنم ,1.106.0.0.0
5,,### || ذكر خدم رسول الله - صلى الله عليه وسلم - ومواليه ,1.107.0.0.0
5,,### || ذكر بيوت رسول الله - صلى الله عليه وسلم - وحجر أزواجه ,1.108.0.0.0
5,,### || ذكر صدقات رسول الله- صلى الله عليه وسلم - ,1.109.0.0.0
5,,### || ذكر البئار التي شرب منها رسول الله- صلى الله عليه وسلم - ,1.110.0.0.0
6,ذكر الغزوات والسرايا وحجة الوداع,### | [الجزء الثاني] - تتمة السيرة النبوية الشريفة ,2.0.0.0.0
6,,### || ذكر عدد مغازي رسول الله - صلى الله عليه وسلم - وسراياه وأسمائها وتواريخها وجمل ما كان في كل غزاة وسرية منها ,2.1.0.0.0
6,,### ||| سرية عبيدة بن الحارث ,2.1.1.0.0
6,,### ||| سرية سعد بن أبي وقاص ,2.1.2.0.0
6,,### ||| غزوة الأبواء ,2.1.3.0.0
6,,### ||| غزوة بواط ,2.1.4.0.0
6,,### ||| غزوة طلب كرز بن جابر الفهري ,2.1.5.0.0
6,,### ||| غزوة ذي العشيرة ,2.1.6.0.0
6,,### ||| سرية عبد الله بن جحش الأسدي ,2.1.7.0.0
6,,### ||| غزوة بدر ,2.1.8.0.0
6,,### ||| سرية عمير بن عدي ,2.1.9.0.0
6,,### ||| سرية سالم بن عمير ,2.1.10.0.0
6,,### ||| غزوة بني قينقاع ,2.1.11.0.0
6,,### ||| غزوة السويق ,2.1.12.0.0
6,,### ||| غزوة قرقرة الكدر ,2.1.13.0.0
6,,### ||| سرية قتل كعب بن الأشرف ,2.1.14.0.0
6,,### ||| غزوة رسول الله - صلى الله عليه وسلم - غطفان ,2.1.15.0.0
6,,### ||| غزوة رسول الله - صلى الله عليه وسلم - بني سليم ,2.1.16.0.0
6,,### ||| سرية زيد بن حارثة ,2.1.17.0.0
6,,### ||| غزوة رسول الله - صلى الله عليه وسلم - أحدا ,2.1.18.0.0
6,,### |||| من قتل من المسلمين يوم أحد ,2.1.18.1.0
6,,### ||| غزوة رسول الله - صلى الله عليه وسلم - حمراء الأسد ,2.1.19.0.0
6,,### ||| سرية أبي سلمة بن عبد الأسد المخزومي ,2.1.20.0.0
6,,### ||| سرية عبد الله بن أنيس ,2.1.21.0.0
6,,### ||| سرية المنذر بن عمرو ,2.1.22.0.0
6,,### ||| سرية مرثد بن أبي مرثد ,2.1.23.0.0
6,,### ||| غزوة رسول الله - صلى الله عليه وسلم - بني النضير ,2.1.24.0.0
6,,### ||| غزوة رسول الله - صلى الله عليه وسلم - بدر الموعد ,2.1.25.0.0
6,,### ||| غزوة رسول الله - صلى الله عليه وسلم - ذات الرقاع ,2.1.26.0.0
6,,### ||| غزوة رسول الله - صلى الله عليه وسلم - دومة الجندل ,2.1.27.0.0
6,,### ||| غزوة رسول الله - صلى الله عليه وسلم - المريسيع ,2.1.28.0.0
6,,### ||| غزوة رسول الله - صلى الله عليه وسلم - الخندق وهي غزوة الأحزاب» ,2.1.29.0.0
6,,### ||| غزوة رسول الله - صلى الله عليه وسلم - إلى بني قريظة ,2.1.30.0.0
6,,### ||| سرية محمد بن مسلمة  إلى القرطاء ,2.1.31.0.0
6,,### ||| غزوة رسول الله - صلى الله عليه وسلم - بني لحيان ,2.1.32.0.0
6,,### ||| غزوة رسول الله - صلى الله عليه وسلم - الغابة ,2.1.33.0.0
6,,### ||| سرية عكاشة بن محصن الأسدي إلى الغمر ,2.1.34.0.0
6,,### ||| سرية محمد بن مسلمة إلى ذي القصة ,2.1.35.0.0
6,,### ||| سرية أبي عبيدة بن الجراح إلى ذي القصة ,2.1.36.0.0
6,,### ||| سرية زيد بن حارثة إلى بني سليم بالجموم ,2.1.37.0.0
6,,### ||| سرية زيد بن حارثة إلى العيص ,2.1.38.0.0
6,,### ||| سرية زيد بن حارثة إلى الطرف ,2.1.39.0.0
6,,### ||| سرية زيد بن حارثة إلى حسمى ,2.1.40.0.0
6,,### ||| سرية زيد بن حارثة إلى وادي القرى ,2.1.41.0.0
6,,### ||| سرية عبد الرحمن بن عوف إلى دومة الجندل ,2.1.42.0.0
6,,### ||| سرية علي بن أبي طالب إلى بني سعد بن بكر بفدك ,2.1.43.0.0
6,,### ||| سرية زيد بن حارثة إلى أم قرفة بوادي القرى ,2.1.44.0.0
6,,### ||| سرية عبد الله بن عتيك إلى أبي رافع ,2.1.45.0.0
6,,### ||| سرية عبد الله بن رواحة إلى أسير بن زارم ,2.1.46.0.0
6,,### ||| سرية كرز بن جابر الفهري إلى العرنيين ,2.1.47.0.0
6,,### ||| سرية عمرو بن أمية الضمري ,2.1.48.0.0
6,,### ||| غزوة رسول الله - صلى الله عليه وسلم - الحديبية ,2.1.49.0.0
6,,### ||| غزوة رسول الله - صلى الله عليه وسلم - خيبر ,2.1.50.0.0
6,,### ||| سرية عمر بن الخطاب. رحمه الله. إلى تربة ,2.1.51.0.0
6,,### ||| سرية أبي بكر الصديق. رضي الله عنه. إلى بني كلاب بنجد ,2.1.52.0.0
6,,### ||| سرية بشير بن سعد الأنصاري إلى فدك ,2.1.53.0.0
6,,### ||| سرية غالب بن عبد الله الليثي إلى الميفعة ,2.1.54.0.0
6,,### ||| سرية بشير بن سعد الأنصاري إلى يمن وجبار ,2.1.55.0.0
6,,### ||| عمرة رسول الله - صلى الله عليه وسلم - القضية ,2.1.56.0.0
6,,### ||| سرية ابن أبي العوجاء السلمي إلى بني سليم ,2.1.57.0.0
6,,### ||| سرية غالب بن عبد الله الليثي إلى بني الملوح بالكديد ,2.1.58.0.0
6,,### ||| سرية غالب بن عبد الله الليثي أيضا إلى مصاب أصحاب بشير بن سعد بفدك ,2.1.59.0.0
6,,### ||| سرية شجاع بن وهب الأسدي إلى بني عامر بالسي ,2.1.60.0.0
6,,### ||| سرية كعب بن عمير الغفاري إلى ذات أطلاح ,2.1.61.0.0
6,,### ||| سرية مؤتة ,2.1.62.0.0
6,,### ||| سرية عمرو بن العاص إلى ذات السلاسل ,2.1.63.0.0
6,,### ||| سرية الخبط أميرها أبو عبيدة بن الجراح ,2.1.64.0.0
6,,### ||| سرية أبي قتادة بن ربعي الأنصاري إلى خضرة» ,2.1.65.0.0
6,,### ||| سرية أبي قتادة بن ربعي الأنصاري إلى بطن إضم ,2.1.66.0.0
6,,### ||| غزوة رسول الله - صلى الله عليه وسلم - عام الفتح ,2.1.67.0.0
6,,### ||| سرية خالد بن الوليد إلى العزى ,2.1.68.0.0
6,,### ||| سرية عمرو بن العاص إلى سواع ,2.1.69.0.0
6,,### ||| سرية سعد بن زيد الأشهلي إلى مناة ,2.1.70.0.0
6,,### ||| سرية خالد بن الوليد إلى بني جذيمة من كنانة ,2.1.71.0.0
6,,### ||| غزوة رسول الله - صلى الله عليه وسلم - إلى حنين ,2.1.72.0.0
6,,### ||| سرية الطفيل بن عمرو الدوسي إلى ذي الكفين ,2.1.73.0.0
6,,### ||| غزوة رسول الله - صلى الله عليه وسلم - الطائف ,2.1.74.0.0
6,,### ||| سرية عيينة بن حصن الفزاري إلى بني تميم ,2.1.75.0.0
6,,### ||| سرية قطبة بن عامر بن حديدة إلى خثعم ,2.1.76.0.0
6,,### ||| سرية الضحاك بن سفيان الكلابي إلى بني كلاب ,2.1.77.0.0
6,,### ||| سرية علقمة بن مجزز المدلجي إلى الحبشة ,2.1.78.0.0
6,,### ||| سرية علي بن أبي طالب إلى الفلس صنم طيئ ليهدمه ,2.1.79.0.0
6,,### ||| سرية عكاشة بن محصن الأسدي إلى الجناب أرض عذرة وبلي ,2.1.80.0.0
6,,### ||| غزوة رسول الله - صلى الله عليه وسلم - تبوك ,2.1.81.0.0
6,,### ||| حجة أبي بكر الصديق بالناس ,2.1.82.0.0
6,,### ||| سرية خالد بن الوليد إلى بني عبد المدان بنجران ,2.1.83.0.0
6,,### ||| سرية علي بن أبي طالب. رحمه الله. إلى اليمن. يقال مرتين ,2.1.84.0.0
6,,### ||| ذكر عمرة النبي- صلى الله عليه وسلم - ,2.1.85.0.0
6,,### ||| حجة الوداع ,2.1.86.0.0
6,,### ||| سرية أسامة بن زيد بن حارثة ,2.1.87.0.0
7,ذكر غيرها من الأحداث عن رسول الله,### || ذكر ما قرب لرسول الله - صلى الله عليه وسلم - من أجله ,2.2.0.0.0
7,,### || ذكر عرض رسول الله - صلى الله عليه وسلم - القرآن على جبريل واعتكافه في السنة التي  قبض فيها ,2.3.0.0.0
7,,### || ذكر من قال: إن اليهود سحرت رسول الله- صلى الله عليه وسلم - ,2.4.0.0.0
7,,### || ذكر ما سم به رسول الله- صلى الله عليه وسلم - ,2.5.0.0.0
7,,### || ذكر خروج رسول الله - صلى الله عليه وسلم - إلى البقيع واستغفاره لأهله والشهداء ,2.6.0.0.0
8,ذكر مرض رسول الله ووفاته,### || ذكر أول ما بدأ برسول الله - صلى الله عليه وسلم - وجعه الذي توفى فيه ,2.7.0.0.0
8,,### || ذكر شدة المرض على رسول الله- صلى الله عليه وسلم - ,2.8.0.0.0
8,,### || ذكر ما كان رسول الله - صلى الله عليه وسلم - يعوذ به ويعوذه جبريل ,2.9.0.0.0
8,,### || ذكر صلاة رسول الله - صلى الله عليه وسلم - بأصحابه في مرضه ,2.10.0.0.0
8,,### || ذكر أمر رسول الله - صلى الله عليه وسلم - أبا بكر أن يصلي بالناس في مرضه ,2.11.0.0.0
8,,### || ذكر ما قال رسول الله - صلى الله عليه وسلم - في مرضه لأبي بكر. رضي الله عنه ,2.12.0.0.0
8,,### || ذكر سد الأبواب غير باب أبي بكر. رضي الله عنه ,2.13.0.0.0
8,,### || ذكر تخيير رسول الله- صلى الله عليه وسلم - ,2.14.0.0.0
8,,### || ذكر قسم رسول الله - صلى الله عليه وسلم - بين نسائه في مرضه من نفسه ,2.15.0.0.0
8,,### || ذكر استئذان رسول الله - صلى الله عليه وسلم - نساءه أن يمرض في بيت عائشة ,2.16.0.0.0
8,,### || ذكر السواك الذي استن به رسول الله - صلى الله عليه وسلم - في مرضه الذي مات فيه ,2.17.0.0.0
8,,### || ذكر اللدود الذي لد به رسول الله - صلى الله عليه وسلم - في مرضه ,2.18.0.0.0
8,,### || ذكر الدنانير التي قسمها رسول الله - صلى الله عليه وسلم - في مرضه الذي مات فيه ,2.19.0.0.0
8,,### || ذكر الكنيسة التي ذكرها أزواج رسول الله - صلى الله عليه وسلم - في مرضه وما قال في ذلك رسول الله- صلى الله عليه وسلم - ,2.20.0.0.0
8,,### || ذكر الكتاب الذي أراد رسول الله - صلى الله عليه وسلم - أن يكتبه لأمته في مرضه الذي مات فيه ,2.21.0.0.0
8,,### || ذكر ما قال العباس بن عبد المطلب لعلي بن أبي طالب في مرض رسول الله- صلى الله عليه وسلم - ,2.22.0.0.0
8,,### || ذكر ما قال رسول الله - صلى الله عليه وسلم - لفاطمة ابنته في مرضه.صلوات الله عليهما وسلامه ,2.23.0.0.0
8,,### || ذكر ما قال رسول الله - صلى الله عليه وسلم - في مرضه لأسامة بن زيد.رحمه الله ,2.24.0.0.0
8,,### || ذكر ما قال رسول الله - صلى الله عليه وسلم - في مرضه الذي مات فيه للأنصار. رحمهم الله ,2.25.0.0.0
8,,### || ذكر ما أوصى به رسول الله - صلى الله عليه وسلم - في مرضه الذي مات فيه ,2.26.0.0.0
8,,### || ذكر نزول الموت برسول الله- صلى الله عليه وسلم - ,2.27.0.0.0
8,,### || ذكر وفاة رسول الله- صلى الله عليه وسلم - ,2.28.0.0.0
8,,### || ذكر من قال إن رسول الله - صلى الله عليه وسلم - لم يوص وإنه توفي ورأسه في حجر عائشة ,2.29.0.0.0
8,,### || ذكر من قال توفي رسول الله - صلى الله عليه وسلم - في حجر علي بن أبي طالب ,2.30.0.0.0
8,,### || ذكر تسجية رسول الله - صلى الله عليه وسلم - حين توفي بثوب حبرة ,2.31.0.0.0
8,,### || ذكر تقبيل أبي بكر الصديق رسول الله - صلى الله عليه وسلم - بعد وفاته ,2.32.0.0.0
8,,### || ذكر كلام الناس حين شكوا في وفاة رسول الله- صلى الله عليه وسلم - ,2.33.0.0.0
8,,### || ذكر كم مرض رسول الله - صلى الله عليه وسلم - واليوم الذي توفي فيه ,2.34.0.0.0
9,ذكر الأحداث التي حدثت بعد وفاة رسول الله ودفن رسول الله وقبره,### || ذكر التعزية برسول الله- صلى الله عليه وسلم - ,2.35.0.0.0
9,,### || ذكر القميص الذي غسل فيه رسول الله- صلى الله عليه وسلم - ,2.36.0.0.0
9,,### || ذكر غسل رسول الله - صلى الله عليه وسلم - وتسمية من غسله ,2.37.0.0.0
9,,### || ذكر من قال كفن رسول الله - صلى الله عليه وسلم - في ثلاثة أثواب ,2.38.0.0.0
9,,### || ذكر من قال كفن رسول الله - صلى الله عليه وسلم - في ثلاثة أثواب أحدها حبرة ,2.39.0.0.0
9,,### || ذكر من قال كفن رسول الله - صلى الله عليه وسلم - في ثلاثة أثواب برود. ومن قال كفن في قميص وحلة ,2.40.0.0.0
9,,### || ذكر حنوط النبي- صلى الله عليه وسلم - ,2.41.0.0.0
9,,### || ذكر الصلاة على رسول الله- صلى الله عليه وسلم - ,2.42.0.0.0
9,,### || ذكر موضع قبر رسول الله- صلى الله عليه وسلم - ,2.43.0.0.0
9,,### || ذكر حفر قبر رسول الله - صلى الله عليه وسلم - واللحد له ,2.44.0.0.0
9,,### || ذكر ما ألقي في قبر النبي- صلى الله عليه وسلم - ,2.45.0.0.0
9,,### || ذكر من نزل في قبر النبي- صلى الله عليه وسلم - ,2.46.0.0.0
9,,### || ذكر قول المغيرة بن شعبة إنه آخر الناس عهدا برسول الله- صلى الله عليه وسلم - ,2.47.0.0.0
9,,### || ذكر دفن رسول الله- صلى الله عليه وسلم - ,2.48.0.0.0
9,,### || ذكر رش الماء على قبر رسول الله- صلى الله عليه وسلم - ,2.49.0.0.0
9,,### || ذكر تسنيم قبر رسول الله- صلى الله عليه وسلم - ,2.50.0.0.0
9,,### || ذكر سن رسول الله - صلى الله عليه وسلم - يوم قبض ,2.51.0.0.0
9,,### || ذكر مقام رسول الله - صلى الله عليه وسلم - بالمدينة بعد الهجرة إلى أن قبض ,2.52.0.0.0
9,,### || ذكر الحزن على رسول الله - صلى الله عليه وسلم - ومن ندبه وبكى عليه ,2.53.0.0.0
9,,### || ذكر ميراث رسول الله - صلى الله عليه وسلم - وما ترك ,2.54.0.0.0
9,,### || ذكر من قضى دين رسول الله - صلى الله عليه وسلم - وعداته ,2.55.0.0.0
9,,### || ذكر من رثى النبي- صلى الله عليه وسلم - ,2.56.0.0.0
10,ذكر من كان يفتي بالمدينة ويقتدى به من أصحاب رسول الله,### | ذكر من كان يفتي بالمدينة ويقتدى به من أصحاب رسول الله - صلى الله عليه وسلم - على عهد رسول الله - صلى الله عليه وسلم - وبعد ذلك وإلى من انتهى علمهم ,3.0.0.0.0
10,,### ||| علي بن أبي طالب. رضي الله عنه ,3.0.1.0.0
10,,### ||| عبد الرحمن بن عوف. رضي الله عنه ,3.0.2.0.0
10,,### ||| أبي بن كعب. رحمه الله ,3.0.3.0.0
10,,### ||| عبد الله بن مسعود ,3.0.4.0.0
10,,### ||| أبو موسى الأشعري ,3.0.5.0.0
10,,### ||| مشايخ شتى ,3.0.6.0.0
10,,### ||| معاذ بن جبل. رحمه الله ,3.0.7.0.0
10,,### || باب أهل العلم والفتوى من أصحاب رسول الله- صلى الله عليه وسلم - ,3.1.0.0.0
10,,### ||| عبد الله بن سلام ,3.1.1.0.0
10,,### ||| أبو ذر ,3.1.2.0.0
10,,### || ذكر من جمع القرآن على عهد رسول الله- صلى الله عليه وسلم - ,3.2.0.0.0
10,,### ||| زيد بن ثابت ,3.2.1.0.0
10,,### ||| أبو هريرة ,3.2.2.0.0
10,,### ||| ابن عباس ,3.2.3.0.0
10,,### ||| عبد الله بن عمر ,3.2.4.0.0
10,,### ||| عبد الله بن عمرو ,3.2.5.0.0
10,,### ||| باب ,3.2.6.0.0
10,,### || عائشة زوج النبي- صلى الله عليه وسلم - ,3.3.0.0.0
10,,### || ذكر من كان يفتي بالمدينة بعد أصحاب رسول الله - صلى الله عليه وسلم - من أبناء المهاجرين وأبناء الأنصار وغيرهم ,3.4.0.0.0
10,,### ||| سعيد بن المسيب ,3.4.1.0.0
10,,### ||| سليمان بن يسار ,3.4.2.0.0
10,,### ||| أبو بكر بن عبد الرحمن ,3.4.3.0.0
10,,### ||| عكرمة ,3.4.4.0.0
10,,### ||| عطاء بن أبي رباح ,3.4.5.0.0
10,,### ||| عمرة بنت عبد الرحمن وعروة بن الزبير ,3.4.6.0.0
10,,### ||| ابن شهاب الزهري ,3.4.7.0.0
11,الطبقات,### | [الجزء الثالث] - القول في الطبقة الأولى وهم البدريين من المهاجرين والأنصار ,4.0.0.0.0
11,,### || طبقات البدريين من المهاجرين (ذكر الطبقة الأولى) ,4.1.0.0.0
11,,### ||| ومن بني المطلب بن عبد مناف بن قصي ,4.1.1.0.0
11,,### ||| ومن  بني عبد شمس بن عبد مناف بن قصي ,4.1.2.0.0
11,,### ||| ومن حلفاء بني عبد شمس من بني غنم بن دودان ابن أسد بن خزيمة بن مدركة ,4.1.3.0.0
11,,### ||| ومن حلفاء بني عبد شمس من بني سليم بن منصور ,4.1.4.0.0
11,,### ||| ومن حلفاء بني نوفل بن عبد مناف بن قصي ,4.1.5.0.0
11,,### ||| ومن بني أسد بن عبد العزى بن قصي ,4.1.6.0.0
11,,### ||| ومن حلفاء بني أسد بن عبد العزى بن قصي وهم حلفاء الزبير بن العوام ,4.1.7.0.0
11,,### ||| ومن بني عبد الدار بن قصي ,4.1.8.0.0
11,,### ||| ومن بني عبد بن قصي بن كلاب ,4.1.9.0.0
11,,### ||| ومن بني زهرة بن كلاب بن مرة ,4.1.10.0.0
11,,### ||| ومن حلفاء بني زهرة بن كلاب من قبائل العرب ,4.1.11.0.0
11,,### ||| ومن بني تيم بن مرة بن كعب ,4.1.12.0.0
11,,### ||| ومن بني مخزوم بن يقظة بن مرة بن كعب بن لؤي بن غالب ,4.1.13.0.0
11,,### ||| ومن حلفاء بني مخزوم ,4.1.14.0.0
11,,### ||| ومن بني عدي بن كعب بن لؤي ,4.1.15.0.0
11,,### ||| ومن حلفاء بني عدي بن كعب ومواليهم ,4.1.16.0.0
11,,### ||| ومن بني سهم بن عمرو بن هصيص بن كعب بن لؤي ,4.1.17.0.0
11,,### ||| ومن بني جمح بن عمرو بن هصيص بن كعب بن لؤي ,4.1.18.0.0
11,,### ||| ومن بني عامر بن لؤي ,4.1.19.0.0
11,,### ||| ومن حلفاء بني عامر بن لؤي من أهل اليمن ,4.1.20.0.0
11,,### ||| ومن بني فهر بن مالك بن النضر بن كنانة. وهم  آخر بطون قريش ,4.1.21.0.0
11,,### || طبقات البدريين من الأنصار ,4.2.0.0.0
11,,### ||| (الطبقة الأولى من الأنصار) ,4.2.1.0.0
11,,### |||| من بني عبد الأشهل ,4.2.1.1.0
11,,### |||| ومن حلفاء بني عبد الأشهل بن جشم ,4.2.1.2.0
11,,### |||| ومن بني حارثة بن الحارث بن الخزرج بن عمرو. وهو النبيت. ابن مالك بن الأوس ,4.2.1.3.0
11,,### |||| ومن حلفاء بني حارثة ,4.2.1.4.0
11,,### |||| ومن بني ظفر واسمه كعب بن الخزرج بن عمرو. وهو النبيت. ابن مالك بن الأوس ,4.2.1.5.0
11,,### |||| ومن حلفاء بني ظفر ,4.2.1.6.0
11,,### |||| ومن بني عمرو بن عوف بن مالك بن الأوس ثم من بني أمية بن زيد بن مالك بن عوف بن عمرو بن عوف ,4.2.1.7.0
11,,### |||| ومن بني ضبيعة بن زيد بن مالك بن عوف بن عمرو بن عوف ,4.2.1.8.0
11,,### |||| ومن بني عبيد بن زيد بن مالك بن عوف بن عمرو بن عوف ,4.2.1.9.0
11,,### |||| ومن بني العجلان بن حارثة من بلي قضاعة وهم حلفاء بني زيد بن مالك بن عوف كلهم. ,4.2.1.10.0
11,,### |||| ومن بني معاوية بن مالك بن عوف بن عمرو بن عوف ,4.2.1.11.0
11,,### |||| ومن حلفاء بني معاوية بن مالك ,4.2.1.12.0
11,,### |||| ومن بني حنش بن عوف بن عمرو بن عوف وهم من أهل المسجد يعني مسجد قباء ,4.2.1.13.0
11,,### |||| ومن بني جحجبا بن كلفة بن عوف بن عمرو بن عوف ,4.2.1.14.0
11,,### |||| ومن بني أنيف بن جشم بن عائذ الله من بلي حلفاء بني جحجبا بن كلفة ,4.2.1.15.0
11,,### |||| ومن بني ثعلبة بن عمرو بن عوف ,4.2.1.16.0
11,,### |||| ومن بني غنم بن السلم بن امرئ القيس ,4.2.1.17.0
11,,### |||| وشهد بدرا من الخزرج ثم من بني النجار ,4.2.1.18.0
11,,### |||| فشهد بدرا من بني النجار ثم من بني مالك بن النجار ثم من بني غنم بن مالك بن النجار ,4.2.1.19.0
11,,### |||| ومن حلفاء بني غنم بن مالك بن النجار ,4.2.1.20.0
11,,### |||| ومن بني عمرو بن مالك بن النجار ثم من بني معاوية ابن عمرو وهم بنو حديلة وهي أم لهم. ,4.2.1.21.0
11,,### |||| ومن بني مغالة. وهم من بني عمرو بن مالك بن النجار ,4.2.1.22.0
11,,### |||| ومن بني مبذول وهو عامر بن مالك بن النجار ,4.2.1.23.0
11,,### |||| ومن بني عدي بن النجار ,4.2.1.24.0
11,,### |||| ومن حلفاء بني عدي بن النجار ,4.2.1.25.0
11,,### |||| ومن بني مازن بن النجار ,4.2.1.26.0
11,,### |||| ومن حلفاء بني مازن بن النجار ,4.2.1.27.0
11,,### |||| ومن بني دينار بن النجار ,4.2.1.28.0
11,,### |||| ومن حلفاء بني دينار بن النجار ,4.2.1.29.0
11,,### |||| ومن بني الحارث بن الخزرج ثم من بني كعب بن الحارث بن الخزرج ,4.2.1.30.0
11,,### |||| ومن بني جشم وزيد ابني الحارث بن الخزرج وكان يقال لهما التوأمان ودعوتهما واحدة في الديوان وهم أصحاب المسجد الذي بالسنح وهم أصحاب السنح خاصة ,4.2.1.31.0
11,,### |||| ومن بني جدارة بن عوف بن الحارث بن الخزرج ,4.2.1.32.0
11,,### |||| ومن بني الأبجر وهو خدرة بن عوف بن الحارث بن الخزرج ,4.2.1.33.0
11,,### |||| ومن حلفاء بني الحارث بن الخزرج ,4.2.1.34.0
11,,### |||| ومن بني  عوف بن الخزرج ثم من بلحبلى وهو سالم بن غنم بن عوف بن الخزرج وإنما سمي الحبلى لعظم بطنه ,4.2.1.35.0
11,,### |||| ومن حلفاء بني سالم الحبلى بن غنم ,4.2.1.36.0
11,,### |||| ومن القواقلة وهم بنو غنم وبنو سالم ابني عوف بن عمرو بن عوف بن الخزرج ,4.2.1.37.0
11,,### |||| ومن حلفاء القواقلة من بني غضينة وهم بنو عمرو بن عمارة وغضينة أم لهم من بلي فنسبوا إليها ,4.2.1.38.0
11,,### |||| ومن بني ساعدة بن كعب بن الخزرج بن الحارث بن الخزرج ,4.2.1.39.0
11,,### |||| ومن حلفاء بني ساعدة بن كعب بن الخزرج ,4.2.1.40.0
11,,### |||| ومن بني جشم بن الخزرج ثم من بني سلمة بن سعد بن علي بن أسد بن ساردة بن تزيد بن جشم ثم من بني حرام ابن كعب بن غنم بن كعب بن سلمة ,4.2.1.41.0
11,,### |||| ومن موالي بني حرام بن كعب ,4.2.1.42.0
11,,### |||| ومن بني عبيد بن عدي بن غنم بن كعب بن سلمة وهم دعوة على حدة ,4.2.1.43.0
11,,### |||| ومن حلفاء بني عبيد بن عدي ومواليهم ,4.2.1.44.0
11,,### |||| ومن بني سواد بن غنم بن كعب بن سلمة ,4.2.1.45.0
11,,### |||| ومن سائر بني سلمة ,4.2.1.46.0
11,,### |||| ومن بني زريق بن عامر بن زريق بن عبد بن حارثة ابن مالك بن غضب بن جشم بن الخزرج ,4.2.1.47.0
11,,### |||| ومن بني بياضة بن عامر بن زريق بن عبد حارثة بن مالك ابن غضب بن جشم بن الخزرج ,4.2.1.48.0
11,,### |||| ومن بني حبيب بن عبد حارثة بن مالك بن غضب ابن جشم بن الخزرج ,4.2.1.49.0
11,,### ||| ذكر النقباء الاثني عشر رجلا الذين اختارهم رسول الله - صلى الله عليه وسلم - من الأنصار ليلة العقبة بمنى ,4.2.2.0.0
11,,### |||| تسمية النقباء وأنسابهم وصفاتهم ووفاتهم ,4.2.2.1.0
11,,### |||| من بني عبد الأشهل رجلان وهما: ,4.2.2.2.0
11,,### |||| ومن بني غنم بن السلم بن امرئ القيس بن مالك ابن الأوس رجل وهو: ,4.2.2.3.0
11,,### |||| ومن الخزرج تسعة نفر منهم من بني النجار رجل ,4.2.2.4.0
11,,### |||| ومن بلحارث بن الخزرج رجلان ,4.2.2.5.0
11,,### |||| ومن بني ساعدة بن كعب بن الخزرج رجلان ,4.2.2.6.0
11,,### |||| ومن بني سلمة بن سعد بن علي بن أسد بن ساردة ابن تزيد بن جشم بن الخزرج رجلان ,4.2.2.7.0
11,,### |||| ومن القواقلة رجل ,4.2.2.8.0
11,,### |||| ومن بني زريق بن عامر بن زريق بن عبد حارثة ابن مالك بن غضب بن جشم بن الخزرج رجل ,4.2.2.9.0
11,,### |||| ذكر كلثوم بن هدم العمري وعدة ممن يروون أنهم شهدوا بدرا وليس ذلك بثبت ,4.2.2.10.0
11,,### || [الجزء الرابع] - الطبقة الثانية من المهاجرين والأنصار ممن لم يشهد بدرا ,4.3.0.0.0
11,,### ||| من المهاجرين ,4.3.1.0.0
11,,### |||| من بني هاشم بن عبد مناف ,4.3.1.1.0
11,,### |||| ومن بني عبد شمس بن عبد مناف ,4.3.1.2.0
11,,### |||| ومن حلفاء بني عبد شمس بن عبد مناف ,4.3.1.3.0
11,,### |||| ومن بني أسد بن عبد العزى بن قصي ,4.3.1.4.0
11,,### |||| ومن بني عبد الدار بن قصي ,4.3.1.5.0
11,,### |||| ومن حلفاء بني عبد الدار ,4.3.1.6.0
11,,### |||| ومن بني زهرة بن كلاب ,4.3.1.7.0
11,,### |||| ومن بني تيم بن مرة ,4.3.1.8.0
11,,### |||| ومن بني  مخزوم بن يقظة بن مرة ,4.3.1.9.0
11,,### |||| ومن حلفاء بني مخزوم ومواليهم ,4.3.1.10.0
11,,### |||| ومن بني عدي بن كعب ,4.3.1.11.0
11,,### |||| ومن بني سهم بن عمرو بن هصيص بن كعب ,4.3.1.12.0
11,,### |||| ومن حلفاء بني سعد ,4.3.1.13.0
11,,### |||| ومن بني جمح بن عمرو بن هصيص بن كعب ,4.3.1.14.0
11,,### |||| ومن بني فهر بن مالك ,4.3.1.15.0
11,,### |||| ومن سائر العرب ,4.3.1.16.0
11,,### ||| الصحابة الذين أسلموا قبل فتح مكة  ,4.3.2.0.0
11,,### |||| من بني مخزوم ,4.3.2.1.0
11,,### |||| ومن بني سهم ,4.3.2.2.0
11,,### |||| ومن بني جمح بن عمرو ,4.3.2.3.0
11,,### |||| ومن بني أشجع بن ريث بن غطفان بن سعد بن قيس بن عيلان بن مضر ,4.3.2.4.0
11,,### |||| ومن ثقيف واسمه قسي بن منبه بن بكر بن هوازن بن عكرمة بن خصفة بن قيس بن عيلان بن مضر ,4.3.2.5.0
11,,### |||| ومن بني مالك بن أفصى إخوة أسلم وهو ممن انخزع أيضا ,4.3.2.6.0
11,,### |||| ومن قضاعة بن مالك بن عمرو بن مرة بن زيد بن حمير ثم من جهينة بن زيد بن ليث بن سود بن أسلم ابن الحاف بن قضاعة ,4.3.2.7.0
11,,### |||| ومن بلي بن عمرو بن الحاف بن قضاعة ,4.3.2.8.0
11,,### |||| ومن بني عذرة بن سعد بن زيد بن ليث بن سود بن أسلم بن الحاف بن قضاعة ,4.3.2.9.0
11,,### |||| ومن الأشعريين وهم بنو الأشعر واسمه نبت بن أدد ابن زيد بن يشجب بن عريب بن زيد بن كهلان ابن سبأ بن يشجب بن يعرب بن قحطان ,4.3.2.10.0
11,,### |||| ومن الحضارمة وهم من اليمن ,4.3.2.11.0
11,,### |||| ومن بني حارثة بن الحارث بن الخزرج بن عمرو وهو النبيت ,4.3.2.12.0
11,,### |||| ومن بني خطمة بن جشم بن مالك بن الأوس ,4.3.2.13.0
11,,### |||| ومن بني السلم بن امرئ القيس بن مالك بن الأوس ,4.3.2.14.0
11,,### |||| ومن بني وائل بن زيد بن قيس بن عامر بن مرة ابن مالك بن الأوس وولد مرة بن مالك ابن الأوس يقال لهم الجعادرة ,4.3.2.15.0
11,,### || [الجزء الخامس] - في  طبقات أهل المدينة من التابعين ,4.4.0.0.0
11,,### ||| الطبقة الأولى من أهل المدينة من التابعين ,4.4.1.0.0
11,,### |||| من هذه الطبقة الذين رووا عن الشيخين ,4.4.1.1.0
11,,### |||| ومن هذه الطبقة ممن روى عن عثمان وعلي وعبد الرحمن بن عوف وطلحة والزبير وسعد وأبي بن كعب وسهل بن حنيف وحذيفة بن اليمان وزيد بن ثابت وغيرهم. رحمهم الله ,4.4.1.2.0
11,,### ||| الطبقة الثانية من أهل المدينة من التابعين ,4.4.2.0.0
11,,### |||| بقية الطبقة الثانية من التابعين من المهاجرين ,4.4.2.1.0
11,,### |||| ومن هذه الطبقة من الأنصار ,4.4.2.2.0
11,,### |||| ومن هذه الطبقة من الموالي ,4.4.2.3.0
11,,### ||| الطبقة الثالثة من أهل المدينة من التابعين ,4.4.3.0.0
11,,### ||| الطبقة الرابعة من التابعين من أهل المدينة ,4.4.4.0.0
11,,### ||| الطبقة الخامسة من التابعين من أهل المدينة ,4.4.5.0.0
11,,### ||| الطبقة السادسة من التابعين من أهل المدينة ,4.4.6.0.0
11,,### ||| الطبقة السابعة ,4.4.7.0.0
11,,### || [الجزء السادس] - تسمية من نزل مكة من أصحاب رسول الله- صلى الله عليه وسلم - ,4.5.0.0.0
11,,### || [طبقات الروات عن عمر بن الخطاب رضي الله عنه وغيره] ,4.6.0.0.0
11,,### ||| الطبقة الأولى من أهل مكة ممن روى عن عمر بن الخطاب رضي الله عنه وغيره ,4.6.1.0.0
11,,### ||| الطبقة الثانية ,4.6.2.0.0
11,,### ||| الطبقة الثالثة ,4.6.3.0.0
11,,### ||| الطبقة الرابعة ,4.6.4.0.0
11,,### ||| الطبقة الخامسة ,4.6.5.0.0
11,,### || تسمية من نزل الطائف من أصحاب رسول الله- صلى الله عليه وسلم - ,4.7.0.0.0
11,,### ||| وكان بالطائف بعد هؤلاء من الفقهاء والمحدثين ,4.7.1.0.0
11,,### || تسمية من نزل اليمن من أصحاب رسول الله- صلى الله عليه وسلم - ,4.8.0.0.0
11,,### ||| وكان باليمن بعد هؤلاء من المحدثين ,4.8.1.0.0
11,,### ||| الطبقة الأولى ,4.8.2.0.0
11,,### ||| الطبقة الثانية ,4.8.3.0.0
11,,### ||| الطبقة الثالثة ,4.8.4.0.0
11,,### ||| الطبقة الرابعة ,4.8.5.0.0
11,,### || تسمية من نزل اليمامة من أصحاب رسول الله- صلى الله عليه وسلم - ,4.9.0.0.0
11,,### ||| وكان باليمامة بعد هؤلاء من الفقهاء والمحدثين ,4.9.1.0.0
11,,### || تسمية من كان بالبحرين من أصحاب رسول الله- صلى الله عليه وسلم - ,4.10.0.0.0
11,,### || طبقات الكوفيين ,4.11.0.0.0
11,,### ||| تسمية من نزل الكوفة من أصحاب رسول الله - صلى الله عليه وسلم - ومن كان ,4.11.1.0.0
11,,### ||| الطبقة الأولى من أهل الكوفة بعد أصحاب رسول الله - صلى الله عليه وسلم - ,4.11.2.0.0
11,,### |||| ممن روى عن أبي بكر الصديق وعمر بن الخطاب وعثمان بن عفان وعلي بن أبي طالب وعبد الله بن مسعود وغيرهم. رضي الله عنهم ,4.11.2.1.0
11,,### |||| ومن هذه الطبقة ممن روى عن عمر بن الخطاب وعلي بن أبي طالب وعبد الله بن مسعود وغيرهم ,4.11.2.2.0
11,,### |||| ومن هذه الطبقة ممن روى عن عمر بن الخطاب وعبد الله بن مسعود ولم يرو عن علي بن أبي طالب ,4.11.2.3.0
11,,### |||| ومن هذه الطبقة ممن روى عن عمر بن الخطاب وعلي بن أبي طالب. رحمهما الله ورضي عنهما ,4.11.2.4.0
11,,### |||| ومن هذه الطبقة ممن روى عن عمر بن الخطاب ولم يرو عن علي بن أبي طالب وعبد الله بن مسعود ,4.11.2.5.0
11,,### |||| بقية طبقة من روى عن عمر بن الخطاب. رضي الله عنه ,4.11.2.6.0
11,,### |||| ومن هذه الطبقة ممن روى عن علي بن أبي طالب وعبد الله بن مسعود ,4.11.2.7.0
11,,### |||| ومن هذه الطبقة ممن روى عن عبد الله بن مسعود ,4.11.2.8.0
11,,### |||| ومن هذه الطبقة ممن روى عن عثمان وأبي بن كعب ومعاذ بن جبل وطلحة والزبير وحذيفة وأسامة بن زيد وخالد بن الوليد وأبي مسعود الأنصاري وعمرو بن العاص وعبد الله بن عمرو وغيرهم ولم يرو أحد منهم عن عمر وعلي وعبد الله شيئا ,4.11.2.9.0
11,,### |||| ومن هذه الطبقة ممن روى عن علي بن أبي طالب. ,4.11.2.10.0
11,,### ||| الطبقة الثانية ممن روى عن عبد الله بن عمر وعبد الله بن عباس وعبد الله بن عمرو وجابر بن عبد الله والنعمان بن بشير وأبي هريرة وغيرهم ,4.11.3.0.0
11,,### ||| الطبقة الثالثة ,4.11.4.0.0
11,,### ||| الطبقة الرابعة ,4.11.5.0.0
11,,### ||| الطبقة الخامسة ,4.11.6.0.0
11,,### ||| الطبقة  السادسة ,4.11.7.0.0
11,,### ||| الطبقة السابعة ,4.11.8.0.0
11,,### ||| الطبقة الثامنة ,4.11.9.0.0
11,,### ||| الطبقة التاسعة ,4.11.10.0.0
11,,### || تسمية من نزل البصرة من أصحاب رسول الله - صلى الله عليه وسلم - ومن كانبها بعدهم من التابعين وأهل العلم والفقه ,4.12.0.0.0
11,,### ||| السابقين الأولين ,4.12.1.0.0
11,,### ||| الطبقة الأولى من الفقهاء والمحدثين والتابعين من أهل البصرة من أصحاب عمر بن الخطاب. رضي الله عنه المعروفون من هذه الطبقة ,4.12.2.0.0
11,,### |||| ومن هذه الطبقة: ممن يقول أتانا كتاب عمر بن الخطاب ,4.12.2.1.0
11,,### ||| الطبقة الثانية ممن روى عن عثمان وعلي وطلحة والزبير وأبي بن كعب وأبي موسى الأشعري وغيرهم الأقدمون من هذه الطبقة ,4.12.3.0.0
11,,### |||| ومن الطبقة الثانية وهم دون من قبلهم في السن ممن روى عن عمران بن حصين وأبي هريرة وأبي بكرة وأبي برزة ومعقل بن يسار وعبد الله بن المعقل وابن عمر وابن عباس وأنس بن مالك وغيرهم ,4.12.3.1.0
11,,### ||| الطبقة الثالثة ,4.12.4.0.0
11,,### ||| الطبقة الرابعة ,4.12.5.0.0
11,,### ||| الطبقة الخامسة ,4.12.6.0.0
11,,### ||| الطبقة  السادسة ,4.12.7.0.0
11,,### ||| الطبقة السابعة ,4.12.8.0.0
11,,### ||| الطبقة الثامنة ,4.12.9.0.0
11,,### || تسمية من كان بواسط من الفقهاء والمحدثين ,4.13.0.0.0
11,,### || [المدائن] وكان بالمدائن من أصحاب رسول الله- صلى الله عليه وسلم - ,4.14.0.0.0
11,,### ||| وكان بالمدائن من المحدثين والفقهاء ,4.14.1.0.0
11,,### || وكان ببغداد من الفقهاء والمحدثين ممن نزلها وقدمها فمات بها ,4.15.0.0.0
11,,### || [الخراسان] تسمية من كان بخراسان من أصحاب رسول الله - صلى الله عليه وسلم - ممن غزاها ومات بها ,4.16.0.0.0
11,,### ||| وكان بخراسان بعد هؤلاء من الفقهاء والمحدثين ,4.16.1.0.0
11,,### || وكان بالري من الفقهاء والمحدثين ,4.17.0.0.0
11,,### || وكان بهمدان من الفقهاء ,4.18.0.0.0
11,,### || وكان بقم من المحدثين ,4.19.0.0.0
11,,### || وكان بالأنبار من المحدثين ,4.20.0.0.0
11,,### || تسمية من نزل الشام من أصحاب رسول الله- صلى الله عليه وسلم - الأقدمون ,4.21.0.0.0
11,,### ||| الطبقة الأولى من أهل الشام بعد أصحاب رسول الله- صلى الله عليه وسلم - ,4.21.1.0.0
11,,### ||| الطبقة الثانية من التابعين بالشام ,4.21.2.0.0
11,,### ||| الطبقة الثالثة ,4.21.3.0.0
11,,### ||| الطبقة الرابعة ,4.21.4.0.0
11,,### ||| الطبقة الخامسة ,4.21.5.0.0
11,,### ||| الطبقة السادسة ,4.21.6.0.0
11,,### ||| الطبقة السابعة ,4.21.7.0.0
11,,### ||| الطبقة الثامنة ,4.21.8.0.0
11,,### || تسمية من نزل الجزيرة من أصحاب رسول الله- صلى الله عليه وسلم - الطبقة الأولى ,4.22.0.0.0
11,,### ||| وكان بالجزيرة بعد هؤلاء من الفقهاء والمحدثين من التابعين وغيرهم ,4.22.1.0.0
11,,### || وكان بالعواصم والثغور ,4.23.0.0.0
11,,### || تسمية من نزل مصر من أصحاب رسول الله- صلى الله عليه وسلم - السابقون الأولون ,4.24.0.0.0
11,,### ||| الطبقة الأولى من أهل مصر بعد أصحاب رسول الله- صلى الله عليه وسلم - ,4.24.1.0.0
11,,### ||| الطبقة الثانية ,4.24.2.0.0
11,,### ||| الطبقة الثالثة ,4.24.3.0.0
11,,### ||| الطبقة الرابعة ,4.24.4.0.0
11,,### ||| الطبقة الخامسة ,4.24.5.0.0
11,,### ||| الطبقة السادسة ,4.24.6.0.0
11,,### || ومن كان بأيلة ,4.25.0.0.0
11,,### || أبو صخر الأيلي ,4.26.0.0.0
11,,### || وكان بإفريقية ,4.27.0.0.0
11,,### || وكان بالأندلس ,4.28.0.0.0
11,,### || تسمية النساء المسلمات والمهاجرات من قريش والأنصاريات المبايعات وغرائب نساء العرب وغيرهم ,4.29.0.0.0
11,,### |||| ذكر بنات رسول الله- صلى الله عليه وسلم - ,4.29.0.1.0
11,,### |||| ذكر عمات رسول الله- صلى الله عليه وسلم - ,4.29.0.2.0
11,,### |||| ذكر بنات عمومة رسول الله- صلى الله عليه وسلم - ,4.29.0.3.0
11,,### |||| ذكر أزواج رسول الله- صلى الله عليه وسلم - ,4.29.0.4.0
11,,### |||| ذكر من تزوج رسول الله ص. من النساء فلم يجمعهن ومن فارق منهن وسبب مفارقته إياهن ,4.29.0.5.0
11,,### ||||| ذكر مهور نساء النبي- صلى الله عليه وسلم - ,4.29.0.5.1
11,,### ||||| ذكر جفنة سعد بن عبادة لمن خطب رسول الله - صلى الله عليه وسلم - من النساء ,4.29.0.5.2
11,,### ||||| ذكر منازل أزواج النبي- صلى الله عليه وسلم - ,4.29.0.5.3
11,,### ||||| ذكر قسم رسول الله- صلى الله عليه وسلم - بين نسائه ,4.29.0.5.4
11,,### ||||| ذكر ما كان قبل الحجاب ,4.29.0.5.5
11,,### ||||| ذكر من كان يصلح له الدخول على أزواج النبي- صلى الله عليه وسلم - ,4.29.0.5.6
11,,### ||||| ذكر ما هجر فيه رسول الله- صلى الله عليه وسلم - نساءه وتخييره إياهن ,4.29.0.5.7
11,,### ||||| ذكر المرأتين اللتين تظاهرتا على رسول الله - صلى الله عليه وسلم - ,4.29.0.5.8
11,,### ||||| ذكر ما أعطى رسول الله - صلى الله عليه وسلم - من القوة على الجماع ,4.29.0.5.9
11,,### ||||| باب الاستتار وغيره ,4.29.0.5.10
11,,### ||||| باب تفسير الآيات التي في ذكر أزواج رسول الله- صلى الله عليه وسلم - ,4.29.0.5.11
11,,### ||||| ذكر ضرب النساء ,4.29.0.5.12
11,,### ||||| ذكر حج رسول الله - صلى الله عليه وسلم - بأزواجه ,4.29.0.5.13
11,,### ||||| ذكر مارية أم إبراهيم ابن رسول الله ص ,4.29.0.5.14
11,,### ||||| ذكر عدد أزواج النبي - صلى الله عليه وسلم - ,4.29.0.5.15
11,,### ||||| ذكر عدد أزواج النبي- صلى الله عليه وسلم - ,4.29.0.5.16
11,,### ||||| تسمية النساء المبايعات من قريش وحلفائهم ومواليهم وغرائب نساء العرب ,4.29.0.5.17
11,,### |||| تسمية غرائب  نساء العرب المسلمات المهاجرات المبايعات ,4.29.0.6.0
11,,### |||| تسمية نساء الأنصار المسلمات المبايعات من الأوس من بني عبد الأشهل بن جشم بن الحارث ابن الخزرج بن عمرو وهو النبيت بن مالك بن الأوس ,4.29.0.7.0
11,,### |||| ومن نساء بني حارثة ابن الخزرج وهو النبيت بن مالك بن الأوس ,4.29.0.8.0
11,,### |||| ومن نساء بني ظفر وهو كعب بن الخزرج بن عمرو. وهو النبيت بن مالك بن الأوس. وهو آخر نسب النبيت ,4.29.0.9.0
11,,### |||| ومن نساء بني عمرو ابن عوف بن مالك بن الأوس ,4.29.0.10.0
11,,### |||| ومن نساء بني عبيد ابن زيد بن مالك بن عوف ,4.29.0.11.0
11,,### |||| ومن نساء بني خطمة ابن جشم بن مالك بن الأوس ,4.29.0.12.0
11,,### |||| ومن نساء بني السلم ابن امرئ القيس بن مرة بن مالك بن الأوس ,4.29.0.13.0
11,,### |||| ومن نساء الخزرج ابن حارثة بن ثعلبة بن عمرو بن عامر المبايعات ثم نساء بني الحارث بن الخزرج ,4.29.0.14.0
11,,### |||| ومن بني ساعدة ابن كعب بن الخزرج ,4.29.0.15.0
11,,### |||| ومن نساء القواقلة وهم بنو عوف بن الخزرج الكبير ,4.29.0.16.0
11,,### |||| ومن بلحبلى والحبلى سالم بن غنم بن عوف بن الخزرج وإنما سمي الحبلى لعظم بطنه ,4.29.0.17.0
11,,### |||| ومن نساء بني بياضة ابن عامر بن زريق بن عبد بن حارثة بن مالك بن عضب بن جشم بن الخزرج ,4.29.0.18.0
11,,### |||| ومن نساء بني زريق ابن عامر  بن زريق بن عبد حارثة بن مالك بن عضب بن جشم بن الخزرج ,4.29.0.19.0
11,,### |||| ومن بني حبيب ابن عبد حارثة بن مالك بن عضب بن جشم بن الخزرج ,4.29.0.20.0
11,,### |||| ومن نساء بني سلمة ابن سعد بن علي بن أسد بن ساردة بن تزيد بن جشم بن الخزرج ,4.29.0.21.0
11,,### |||| ومن بني أدي ابن سعد أخي سلمة بن سعد ,4.29.0.22.0
11,,### |||| ومن نساء بني النجار وهم تيم الله بن ثعلبة بن عمرو بن الخزرج بن حارثة ابن ثعلبة بن عمرو بن عامر ثم من بني مازن بن النجار ,4.29.0.23.0
11,,### |||| ومن نساء بني عدي بن النجار ,4.29.0.24.0
11,,### |||| ومن نساء بني دينار بن النجار ,4.29.0.25.0
11,,### |||| ومن نساء بني مالك بن النجار ,4.29.0.26.0
11,,### |||| تسمية النساء اللواتي لم يروين عن رسول الله - صلى الله عليه وسلم - ,4.29.0.27.0
